date,no2_mol_m2,aerosol_index,wind_speed,humidity,temp
2026-08-02,1.7681163085866913e-05,0.03622212416455648,4.54,72.59,25.21
2026-08-03,2.2261320615574877e-05,-0.30627432453334197,3.88,72.04,25.23
2026-08-04,3.8536469391426544e-05,-0.6843207993771522,3.76,76.36,24.47
2026-08-05,2.8390653761113866e-05,-1.28389224859474,4.31,73.28,24.61
2026-08-08,1.700098985388005e-05,-0.08613162565295247,5.27,73.42,24.85
2026-08-09,3.167262448462147e-05,-0.3486555416193885,4.3,72.27,25.19
2026-08-10,2.850127729387463e-05,-0.8482266171018971,3.76,71.23,25.81
2026-08-11,2.090774288082492e-05,-0.8423865262981959,4.27,69.04,26.0
2026-08-13,2.354688086647738e-05,-0.02323207573397846,3.94,75.38,24.47
2026-08-14,3.4178197978975496e-05,-0.35765489117803645,4.35,70.18,25.51
2026-08-15,2.4341409024366253e-05,-0.7691452677044054,4.95,65.93,25.56
2026-08-16,2.5522184002732956e-05,-0.9846152324885677,4.37,64.78,26.41
2026-08-18,1.6401204328051638e-05,0.582123863046034,3.97,66.27,25.87
2026-08-19,2.5248308805377353e-05,-0.14911601549651146,3.82,72.1,24.8
2026-08-20,1.748475213959017e-05,-0.46221485928196426,3.81,72.88,24.86
2026-08-21,3.076291689263124e-05,-0.9294161227336187,4.16,67.52,25.62
2026-08-23,1.4916750304500187e-05,0.32643138328844906,4.6,71.07,25.6
2026-08-25,1.8215872764792844e-05,-0.01809146340613659,4.71,73.82,25.1
2026-08-26,2.4078942034945414e-05,-0.01742909418793833,4.6,70.32,25.56
2026-08-28,1.176713561397959e-05,0.8077587912306617,4.91,66.63,26.32
2026-08-29,2.1673724726388203e-05,0.31635750644223964,5.22,64.62,25.83
2026-08-30,1.6931513554879762e-05,-0.2867486634194425,5.11,65.8,25.58
2026-08-31,2.4634707874825544e-05,-0.6983465334752973,4.85,64.85,26.01
2026-09-01,3.029472879596448e-05,-0.6622192416328878,2.95,80.41,23.6
2026-09-02,2.2769247231430693e-05,-0.8299696384491779,2.59,82.03,23.26
2026-09-04,3.146111590874379e-05,0.4605330305540457,2.25,81.49,24.03
2026-09-05,4.4181624823297515e-05,-0.39685345080847084,1.82,79.73,24.31
2026-09-06,4.442409850581698e-05,-1.12324056485568,1.69,78.56,24.57
2026-09-07,3.652109052168142e-05,0.032004190247713185,2.15,76.05,24.79
2026-09-08,2.158839500852038e-05,0.5074489169420351,2.56,78.57,24.29
2026-09-09,5.7528721367923276e-05,0.05704669222482462,2.25,80.77,23.87
2026-09-11,5.79810277598463e-05,-1.26713628958058,2.03,82.33,24.4
2026-09-13,2.5526218265191415e-05,1.176793034984424,0.9,70.27,25.14
2026-09-14,5.231716180489485e-05,0.07554384880751186,1.17,73.05,25.04
2026-09-15,5.5627359330603434e-05,-0.4114142035998434,1.12,78.17,24.93
2026-09-16,6.081486838418407e-05,-0.641740927638823,1.44,77.65,25.11
