lat,lon,no2_mol_m2,aerosol_index
12.85,77.4,3.0380247943789832e-05,-0.7320600727830204
12.85,77.48750000000001,3.366256606271906e-05,-0.9001118765517283
12.85,77.575,7.893756264815956e-05,-0.5844720602032013
12.85,77.6625,8.106764289554617e-05,-0.7513918280605332
12.925,77.4,3.696508429128538e-05,-0.6655802130697231
12.925,77.48750000000001,5.5533005883011206e-05,-0.5264387508528532
12.925,77.575,0.00010775463306338576,-0.5322771668430947
12.925,77.6625,8.306884366836383e-05,-0.8284959642596901
12.925,77.75,4.326623093222611e-05,-1.0095820426946065
13.0,77.4,2.1246938359615528e-05,-0.6664865661052224
13.0,77.48750000000001,6.833963748773454e-05,-0.4248276941756318
13.0,77.575,8.332748273381186e-05,-0.5565341297577835
13.0,77.75,4.280879096009184e-05,-0.852856901967074
13.075,77.4,5.0378133892067095e-05,-0.4914007782934674
13.075,77.48750000000001,5.8204688684811687e-05,-0.46762073040032387
13.075,77.75,2.6280484235043996e-05,-1.2887914180762186
13.15,77.4,2.805955591610752e-05,-0.5079936981199702
13.15,77.48750000000001,3.349780308782899e-05,-0.40258735418340225
13.15,77.575,4.543285894920131e-05,-0.8827276441072539
13.15,77.75,3.451291195235112e-05,-1.2559185028082576
